,kind,etag,id,snippet.publishedAt,snippet.channelId,snippet.title,snippet.description,snippet.thumbnails.default.url,snippet.thumbnails.default.width,snippet.thumbnails.default.height,snippet.thumbnails.medium.url,snippet.thumbnails.medium.width,snippet.thumbnails.medium.height,snippet.thumbnails.high.url,snippet.thumbnails.high.width,snippet.thumbnails.high.height,snippet.thumbnails.standard.url,snippet.thumbnails.standard.width,snippet.thumbnails.standard.height,snippet.thumbnails.maxres.url,snippet.thumbnails.maxres.width,snippet.thumbnails.maxres.height,snippet.channelTitle,snippet.tags,snippet.categoryId,snippet.liveBroadcastContent,snippet.localized.title,snippet.localized.description,snippet.defaultAudioLanguage,contentDetails.duration,contentDetails.dimension,contentDetails.definition,contentDetails.caption,contentDetails.licensedContent,contentDetails.projection,statistics.viewCount,statistics.likeCount,statistics.dislikeCount,statistics.favoriteCount,statistics.commentCount,topicDetails.relevantTopicIds,topicDetails.topicCategories,snippet.defaultLanguage,localizations.pt-BR.title,localizations.pt-BR.description,localizations.en-GB.title,localizations.en-GB.description,contentDetails.regionRestriction.allowed,localizations.en.title,localizations.en.description
0,youtube#video,BMQnXJWa8kxMyOBcjV0eJKLwplE,-2RJTVPSOPc,2020-08-03T02:30:09Z,UC9ChdqQRCaZmTCwSJ49tcbw,DOCTOR (Official Video) Sidhu Moose Wala | Kidd | Hunny Pk Films | Gold Media | New Punjabi Songs,"Sidhu Moose Wala Presents

Also available on: 
Spotify - https://spoti.fi/3fiV3gh
JioSaavn - https://bit.ly/2EKUKOT
Gaana - https://bit.ly/2Dprcpk
Wynk Music - https://bit.ly/33hWg5i
Hungama - https://bit.ly/2XklEDN

Title :Doctor
Singer/Lyrics/Composer/Concept : Sidhu Moose Wala
Music : The Kidd
Mix Master : Dense
Video  : Hunny Singh & Pulkit Setia Pk
Promotions : Gold Media 
https://www.instagram.com/goldmediaa/

Team
Featuring : Bhaana Sidhu, The Kidd, Bhana Bhaguda, Amana Chairman, Taara Pal
Subtitles (English) : Surinder Narula
Publicity Designs : Navkaran Brar
Designer : A Class Designer
Dop : Pulkit Setia Pk
Asst. Director : Shavvy & Bhart Sharma (Team Hunny & Pk Films)
Production : Sargam Production 
Makeup : Team Honey Kalsi 
Edit & Colorist : Mr Editor


Enjoy And Stay Connected With Artist || SIDHU MOOSE WALA


Click to Subscribe - https://bit.ly/SidhuMooseWalaSubscribe
Twitter - https://www.twitter.com/iSidhuMooseWala
Facebook - https://www.facebook.com/SidhuMooseWala
Instagram - https://instagram.com/Sidhu_MooseWala
SnapChat - https://www.snapchat.com/add/SidhuShubh",https://i.ytimg.com/vi/-2RJTVPSOPc/default.jpg,120,90,https://i.ytimg.com/vi/-2RJTVPSOPc/mqdefault.jpg,320,180,https://i.ytimg.com/vi/-2RJTVPSOPc/hqdefault.jpg,480,360,https://i.ytimg.com/vi/-2RJTVPSOPc/sddefault.jpg,640,480,https://i.ytimg.com/vi/-2RJTVPSOPc/maxresdefault.jpg,1280.0,720.0,Sidhu Moose Wala,"['doctor', 'sidhu', 'moose', 'wala', 'sidhu moose wala', 'doctor sidhu', 'doctor sidhu moose wala', 'latest', 'songs', 'new', '2020', 'kidd', 'the kidd', 'sidhu moose wala songs', 'gold', 'media', 'gold media', 'bhana sidhu', 'Bhaana Sidhu', 'navkaran', 'brar', 'Hunny Singh & Pulkit Setia Pk']",10,none,DOCTOR (Official Video) Sidhu Moose Wala | Kidd | Hunny Pk Films | Gold Media | New Punjabi Songs,"Sidhu Moose Wala Presents

Also available on: 
Spotify - https://spoti.fi/3fiV3gh
JioSaavn - https://bit.ly/2EKUKOT
Gaana - https://bit.ly/2Dprcpk
Wynk Music - https://bit.ly/33hWg5i
Hungama - https://bit.ly/2XklEDN

Title :Doctor
Singer/Lyrics/Composer/Concept : Sidhu Moose Wala
Music : The Kidd
Mix Master : Dense
Video  : Hunny Singh & Pulkit Setia Pk
Promotions : Gold Media 
https://www.instagram.com/goldmediaa/

Team
Featuring : Bhaana Sidhu, The Kidd, Bhana Bhaguda, Amana Chairman, Taara Pal
Subtitles (English) : Surinder Narula
Publicity Designs : Navkaran Brar
Designer : A Class Designer
Dop : Pulkit Setia Pk
Asst. Director : Shavvy & Bhart Sharma (Team Hunny & Pk Films)
Production : Sargam Production 
Makeup : Team Honey Kalsi 
Edit & Colorist : Mr Editor


Enjoy And Stay Connected With Artist || SIDHU MOOSE WALA


Click to Subscribe - https://bit.ly/SidhuMooseWalaSubscribe
Twitter - https://www.twitter.com/iSidhuMooseWala
Facebook - https://www.facebook.com/SidhuMooseWala
Instagram - https://instagram.com/Sidhu_MooseWala
SnapChat - https://www.snapchat.com/add/SidhuShubh",en,PT6M43S,2d,hd,false,True,rectangular,3010384,531910,34171,0,679738,"['/m/04rlf', '/m/04rlf']",['https://en.wikipedia.org/wiki/Music'],,,,,,,,
1,youtube#video,loVEUfp8ZD1pOT-9tUf4jzA9gC4,Inf66y-oHhM,2020-08-01T08:30:33Z,UC7eHZXheF8nVOfwB2PEslMw,RakshaBandhan 2020 | Ashish Chanchlani,"Download the Groww App Now - https://groww.app.link/ashish

(Iske baad description padhna)
One-stop for all your investment needs. India‚Äôs highest-rated investment app, trusted by more than 7 Million+ users has now launched stock trading/investment. Open a 100% online account and start your investment in minutes. 

Dekho bhai main wapis aa gaya
Haan tabiyat kharab thi mentally 2 mahine se par tum logo ne mast ek dum aisi maari message karke merko full feel aa gayi
To uske lie thank you haa
Haan haan maalum hai 1000 baar thank you bolta hu tum log ko par lelo fir bhi
Toh tum logo ki meherbaani se is video pe baith gaya mere bhaiyo ko ghar bulaya 
Wo rahe ghar pe meri maarke muje depression se bahar nikala fir humne ye video likha
Abhi merko maalum hai tum log ne bahut bhai-behen ke video dekhe hai lekin ye waale pe kuch different try kiya hai SACHIII 
END TAK DEKHNA
Waise iska title bhai behen in lockdown socha but harsh ne pehle hi le liya titleüòÇüòÇüòÇ
Agle saal youtube waalo se baat karke bollywood ki tarah title pe rights chalu karwaunga aur harsh se pehle title le lunga hehehehahaha 
Dekho is video pe PLEASE 
Likes chod ke jao dimaag ka BHArosa ho gaya tha last 2 mahine se, kaise nikla hu kya batau tum log ko
Toh ye like ke lie jhola faila ke beekh maangta hu
Theek hai na?
Haan maalum hai tum log ke hisaab se bada seth aadmi hu lekin hu insaan hi saalo
Acha suno puri family ko video dikhana, ek bhi gaali ya double meaning joke nai hai video mein
Aur haan love you to family and you ashu ki taraf se bahut saara
Happy rakshabandhan SABKOüôè‚ù§Ô∏è khaas kar brozoned laundo koüòÇüòÇüòÇ

Production : sab tanni aur jashu ne dekha baba 
co starring Muskan Chanchlani, Kunal Chhabhria, Tanish Sirwani, Jashan Sirwani aur ek brand ke scene ke lie Akash Dodeja
Written,Created & Directed by Ashish Chanchlani (mast maja aata hai ye likhne meinüòÇüòÇ)
#AshishChanchlani #RakshaBandhan #Acvians. 

Acha suno Instagram, Facebook Aur Twitter pe bhi follow kar do.
Kal ko youtube ke dukaan mein chori hui toh baaki dukaano ka dhanda bhi hona chahiye na seth log? Challo follow karo :-
Instagram : https://www.instagram.com/ashishchanchlani

Facebook : https://m.facebook.com/officialashchanchlani

Twitter : https://mobile.twitter.com/Ashchanchlani


Disclaimer: 

Investment in securities market are subject to market risks, read all the related documents carefully before investing. Please read the Risk Disclosure Documents carefully before investing in Equity Shares, Derivatives, Mutual fund, and/or other instruments traded on the Stock Exchanges. 

NextBillion Technology Private Limited (NBT) is a member of NSE & BSE with SEBI Registration no: INZ000208032, Depository Participant of CDSL Depository with SEBI Registration no: IN-DP-417-2019 and Mutual Fund Distributor with AMFI Registration No: ARN-111686. Registered office: 1A, 206, Caldra, Divyasree Elan, Sarjapur Road Bangalore ‚Äì 560035. Correspondence office: No 11, 80 feet Road, ST Bed, Koramangala 4th Block, Bangalore - 560034. For compliance pertaining to securities broking please write to compliance@groww.in for DP related to grievances@groww.in. Please ensure you carefully read the Risk Disclosure Document as prescribed by SEBI.


*Brokerage will not exceed the SEBI prescribed limit
**  Account opening charges are nil till September 2020.",https://i.ytimg.com/vi/Inf66y-oHhM/default.jpg,120,90,https://i.ytimg.com/vi/Inf66y-oHhM/mqdefault.jpg,320,180,https://i.ytimg.com/vi/Inf66y-oHhM/hqdefault.jpg,480,360,https://i.ytimg.com/vi/Inf66y-oHhM/sddefault.jpg,640,480,https://i.ytimg.com/vi/Inf66y-oHhM/maxresdefault.jpg,1280.0,720.0,ashish chanchlani vines,"['ashish chanchlani new', 'ashish chanchlani new video', 'ashish chanchlani rakshabandhan', 'ashish rakshabandhan', 'ashish chanchlani', 'ashish', 'ashish chanchlani vines', 'ashish chanchlani bhai behen video', 'ashish bhai behen video', 'rakshabandhan 2020', 'rakshabandhan funny video', 'rakshabandhan', 'ashish kamla', 'ashish chanchlani rakhi scene', 'ashish chanchlani online rakshabandhan', 'online rakshabandhan', 'rakhi heist', 'ashish bhai behen', 'ashish chanchlani kamla rakhi scene', 'ashish funny videos']",23,none,RakshaBandhan 2020 | Ashish Chanchlani,"Download the Groww App Now - https://groww.app.link/ashish

(Iske baad description padhna)
One-stop for all your investment needs. India‚Äôs highest-rated investment app, trusted by more than 7 Million+ users has now launched stock trading/investment. Open a 100% online account and start your investment in minutes. 

Dekho bhai main wapis aa gaya
Haan tabiyat kharab thi mentally 2 mahine se par tum logo ne mast ek dum aisi maari message karke merko full feel aa gayi
To uske lie thank you haa
Haan haan maalum hai 1000 baar thank you bolta hu tum log ko par lelo fir bhi
Toh tum logo ki meherbaani se is video pe baith gaya mere bhaiyo ko ghar bulaya 
Wo rahe ghar pe meri maarke muje depression se bahar nikala fir humne ye video likha
Abhi merko maalum hai tum log ne bahut bhai-behen ke video dekhe hai lekin ye waale pe kuch different try kiya hai SACHIII 
END TAK DEKHNA
Waise iska title bhai behen in lockdown socha but harsh ne pehle hi le liya titleüòÇüòÇüòÇ
Agle saal youtube waalo se baat karke bollywood ki tarah title pe rights chalu karwaunga aur harsh se pehle title le lunga hehehehahaha 
Dekho is video pe PLEASE 
Likes chod ke jao dimaag ka BHArosa ho gaya tha last 2 mahine se, kaise nikla hu kya batau tum log ko
Toh ye like ke lie jhola faila ke beekh maangta hu
Theek hai na?
Haan maalum hai tum log ke hisaab se bada seth aadmi hu lekin hu insaan hi saalo
Acha suno puri family ko video dikhana, ek bhi gaali ya double meaning joke nai hai video mein
Aur haan love you to family and you ashu ki taraf se bahut saara
Happy rakshabandhan SABKOüôè‚ù§Ô∏è khaas kar brozoned laundo koüòÇüòÇüòÇ

Production : sab tanni aur jashu ne dekha baba 
co starring Muskan Chanchlani, Kunal Chhabhria, Tanish Sirwani, Jashan Sirwani aur ek brand ke scene ke lie Akash Dodeja
Written,Created & Directed by Ashish Chanchlani (mast maja aata hai ye likhne meinüòÇüòÇ)
#AshishChanchlani #RakshaBandhan #Acvians. 

Acha suno Instagram, Facebook Aur Twitter pe bhi follow kar do.
Kal ko youtube ke dukaan mein chori hui toh baaki dukaano ka dhanda bhi hona chahiye na seth log? Challo follow karo :-
Instagram : https://www.instagram.com/ashishchanchlani

Facebook : https://m.facebook.com/officialashchanchlani

Twitter : https://mobile.twitter.com/Ashchanchlani


Disclaimer: 

Investment in securities market are subject to market risks, read all the related documents carefully before investing. Please read the Risk Disclosure Documents carefully before investing in Equity Shares, Derivatives, Mutual fund, and/or other instruments traded on the Stock Exchanges. 

NextBillion Technology Private Limited (NBT) is a member of NSE & BSE with SEBI Registration no: INZ000208032, Depository Participant of CDSL Depository with SEBI Registration no: IN-DP-417-2019 and Mutual Fund Distributor with AMFI Registration No: ARN-111686. Registered office: 1A, 206, Caldra, Divyasree Elan, Sarjapur Road Bangalore ‚Äì 560035. Correspondence office: No 11, 80 feet Road, ST Bed, Koramangala 4th Block, Bangalore - 560034. For compliance pertaining to securities broking please write to compliance@groww.in for DP related to grievances@groww.in. Please ensure you carefully read the Risk Disclosure Document as prescribed by SEBI.


*Brokerage will not exceed the SEBI prescribed limit
**  Account opening charges are nil till September 2020.",hi,PT15M54S,2d,hd,true,True,rectangular,12300337,2486466,38910,0,94709,,,,,,,,,,
2,youtube#video,e13Hv-V3aZHBdRX6msW2NHkRfrI,iUSGdCYXUm0,2020-08-02T08:11:10Z,UCwBlZvRTu3vasTWUE9U5wPw,BHAI - BEHAN AUR RAKSHA BANDHAN || Rachit Rojha,"HAPPY RAKSHA BANDHAN EVERYONE !!

Limited period offer!!!

Sign up now with Upstox and enjoy a FREE Demat & Trading account + 0 brokerage for 30 days+ FREE 3-month premium membership of StockEdge worth ‚Çπ999 +
FREE 'Stock Market Made Easy' course by Elearnmarkets worth ‚Çπ999.

Offer valid for limited time period only.

Click here to open your Upstox account :  
https://upstox.com/open-demat-account/?utm_source=influencer&utm_medium=organic&utm_term=august2020RachitRojha

Hurry Up & click on the link to Open your account with Upstox now!




Dedicated to my sweet sisters. ( Swati and Bhawna)

---------------------------------------------------------------------------------
Follow me on
Instagram: https://www.instagram.com/rachitrojha
---------------------------------------------------------------------------------


Script By - Aashish Bhardwaj
https://www.instagram.com/aashishbhardwajofficial




Cast :

Rachit Rojha 

Aditi Sharma

Sibbu Giri

Sumit Bhyan

Dinesh

Raman




Shoot by - Sumit Bhyan




Managed by-: Sociopool (Sociopool India Private Limited)
Business Inquiries-: contact@sociopool.com


Like Comment And Share !!",https://i.ytimg.com/vi/iUSGdCYXUm0/default.jpg,120,90,https://i.ytimg.com/vi/iUSGdCYXUm0/mqdefault.jpg,320,180,https://i.ytimg.com/vi/iUSGdCYXUm0/hqdefault.jpg,480,360,https://i.ytimg.com/vi/iUSGdCYXUm0/sddefault.jpg,640,480,https://i.ytimg.com/vi/iUSGdCYXUm0/maxresdefault.jpg,1280.0,720.0,Rachit Rojha,"['rachit rojha', 'rachit rojha new video', 'rachit rojha latest video', 'bhai behan video', 'brother sister', 'BHAI - BEHAN AUR RAKSHA BANDHAN', 'raksha bandhan', 'rakhi', 'festival', 'bhai - behan', 'bhai behan ka pyaar', 'funny', 'comedy', 'mother', 'food', 'bhai', 'behan', 'revenge', 'girls', 'boys', 'help', 'bhai behan life', 'rachit rojha bhai behan', 'brother and sister', 'family', 'siblings', 'gift', 'raksha bandhan gift', 'raksha bandhan festival', 'raksha bandhan video', 'aditi sharma', 'aditi', 'sharma', 'tohfa', 'park', 'father', 'phone', 'bhai aur behan']",24,none,BHAI - BEHAN AUR RAKSHA BANDHAN || Rachit Rojha,"HAPPY RAKSHA BANDHAN EVERYONE !!

Limited period offer!!!

Sign up now with Upstox and enjoy a FREE Demat & Trading account + 0 brokerage for 30 days+ FREE 3-month premium membership of StockEdge worth ‚Çπ999 +
FREE 'Stock Market Made Easy' course by Elearnmarkets worth ‚Çπ999.

Offer valid for limited time period only.

Click here to open your Upstox account :  
https://upstox.com/open-demat-account/?utm_source=influencer&utm_medium=organic&utm_term=august2020RachitRojha

Hurry Up & click on the link to Open your account with Upstox now!




Dedicated to my sweet sisters. ( Swati and Bhawna)

---------------------------------------------------------------------------------
Follow me on
Instagram: https://www.instagram.com/rachitrojha
---------------------------------------------------------------------------------


Script By - Aashish Bhardwaj
https://www.instagram.com/aashishbhardwajofficial




Cast :

Rachit Rojha 

Aditi Sharma

Sibbu Giri

Sumit Bhyan

Dinesh

Raman




Shoot by - Sumit Bhyan




Managed by-: Sociopool (Sociopool India Private Limited)
Business Inquiries-: contact@sociopool.com


Like Comment And Share !!",,PT15M46S,2d,hd,false,True,rectangular,1393185,56823,3588,0,3564,"['/m/02jjt', '/m/02jjt', '/m/0f2f9']","['https://en.wikipedia.org/wiki/Entertainment', 'https://en.wikipedia.org/wiki/Television_program']",,,,,,,,
3,youtube#video,uUKQsg9RsquvY5pnj6mWfiBctsQ,rtGIq9Xjnrw,2020-08-01T04:30:09Z,UCZSNzBgFub_WWil6TOTYwAg,GUNJAN SAXENA: The Kargil Girl | Official Trailer | Netflix India,"How far are you willing to go to turn your dreams into a reality?

‚ÄòGunjan Saxena: The Kargil Girl‚Äô, starring Janhvi Kapoor, Pankaj Tripathi, Angad Bedi, Vineet Kumar Singh, Ayesha Raza & Manav Vij, is the inspiring true story of a simple girl with big dreams who stood her ground to rule the skies. 

Experience this magical tale taking off on 12th August, only on Netflix.

Subscribe: https://bit.ly/2Oufg8z

About Netflix:
Netflix is the world's leading streaming entertainment service with 193 million paid memberships in over 190 countries enjoying TV series, documentaries and feature films across a wide variety of genres and languages. Members can watch as much as they want, anytime, anywhere, on any internet-connected screen. Members can play, pause and resume watching, all without commercials or commitments.

Follow Netflix India on:
Website: https://www.netflix.com/
YouTube: http://bit.ly/NetflixIndiaYT
Instagram: http://www.instagram.com/netflix_in
Facebook: http://www.facebook.com/NetflixIN
Twitter: http://twitter.com/netflixindia

#GunjanSaxena #JanhviKapoor #NetflixIndia #GunjanSaxenaOnNetflix

GUNJAN SAXENA: The Kargil Girl | Official Trailer | Netflix India
https://youtube.com/NetflixIndiaOfficial

Flight Lieutenant Gunjan Saxena makes history in her journey from aspiring aviator to India‚Äôs first female combat pilot in the Kargil War.",https://i.ytimg.com/vi/rtGIq9Xjnrw/default.jpg,120,90,https://i.ytimg.com/vi/rtGIq9Xjnrw/mqdefault.jpg,320,180,https://i.ytimg.com/vi/rtGIq9Xjnrw/hqdefault.jpg,480,360,https://i.ytimg.com/vi/rtGIq9Xjnrw/sddefault.jpg,640,480,https://i.ytimg.com/vi/rtGIq9Xjnrw/maxresdefault.jpg,1280.0,720.0,Netflix India,"['GunjanSaxena', 'JanhviKapoor', 'NetflixIndia', 'GunjanSaxenaOnNetflix']",24,none,GUNJAN SAXENA: The Kargil Girl | Official Trailer | Netflix India,"How far are you willing to go to turn your dreams into a reality?

‚ÄòGunjan Saxena: The Kargil Girl‚Äô, starring Janhvi Kapoor, Pankaj Tripathi, Angad Bedi, Vineet Kumar Singh, Ayesha Raza & Manav Vij, is the inspiring true story of a simple girl with big dreams who stood her ground to rule the skies. 

Experience this magical tale taking off on 12th August, only on Netflix.

Subscribe: https://bit.ly/2Oufg8z

About Netflix:
Netflix is the world's leading streaming entertainment service with 193 million paid memberships in over 190 countries enjoying TV series, documentaries and feature films across a wide variety of genres and languages. Members can watch as much as they want, anytime, anywhere, on any internet-connected screen. Members can play, pause and resume watching, all without commercials or commitments.

Follow Netflix India on:
Website: https://www.netflix.com/
YouTube: http://bit.ly/NetflixIndiaYT
Instagram: http://www.instagram.com/netflix_in
Facebook: http://www.facebook.com/NetflixIN
Twitter: http://twitter.com/netflixindia

#GunjanSaxena #JanhviKapoor #NetflixIndia #GunjanSaxenaOnNetflix

GUNJAN SAXENA: The Kargil Girl | Official Trailer | Netflix India
https://youtube.com/NetflixIndiaOfficial

Flight Lieutenant Gunjan Saxena makes history in her journey from aspiring aviator to India‚Äôs first female combat pilot in the Kargil War.",en-US,PT2M42S,2d,hd,true,True,rectangular,4029227,160091,87415,0,31617,"['/m/0f2f9', '/m/02vxn', '/m/02jjt', '/m/02jjt', '/m/02vxn', '/m/0f2f9', '/m/0f2f9']","['https://en.wikipedia.org/wiki/Television_program', 'https://en.wikipedia.org/wiki/Film', 'https://en.wikipedia.org/wiki/Entertainment']",,,,,,,,
4,youtube#video,gYjgqWAfznlAd2aa6q2Pbb2_1H0,rjfJcnzPLd0,2020-08-01T08:30:01Z,UC0H6I4rKiHmtceSdTCM-DKQ,RUCHI KI ENGLISH | ‡§∞‡•Ç‡§ö‡§ø ‡§ï‡•Ä ‡§á‡§Ç‡§ó‡•ç‡§≤‡§ø‡§∂  A Short Film | Family Comedy | Ruchi and Piyush,"Download Duolingo for free now - https://app.adjust.com/6ysiu9a
Ruchi ne aaj nayi classes start kari hai, aur hamesha ki tarah hume students bana diya.

Hope you will support us and share the videos with your friends and family.
Watch more - https://bit.ly/2K3cd5O

Our Family channels - 
Aayu and Pihu Show - https://goo.gl/EHTnu3
Ruchi and Piyush - https://bit.ly/2K3cd5O

You can follow us here
Face book - https://www.facebook.com/ruchiandpiyush/
Instagram - https://www.instagram.com/ruchiandpiyush/

We are always open for suggestions....
Music by - Tuba Waddle by Audionautix is licensed under a Creative Commons Attribution license (https://creativecommons.org/licenses/by/4.0/)
Artist: http://audionautix.com/
Cartoon Pizzicato - Comedy by Kevin MacLeod is licensed under a Creative Commons Attribution license (https://creativecommons.org/licenses/by/4.0/)
Baltic Levity - Thatched Villagers by Kevin MacLeod is licensed under a Creative Commons Attribution license (https://creativecommons.org/licenses/by/4.0/)
Source: http://incompetech.com/music/royalty-free/index.html?isrc=USUAN1100720
Artist: http://incompetech.com/",https://i.ytimg.com/vi/rjfJcnzPLd0/default.jpg,120,90,https://i.ytimg.com/vi/rjfJcnzPLd0/mqdefault.jpg,320,180,https://i.ytimg.com/vi/rjfJcnzPLd0/hqdefault.jpg,480,360,https://i.ytimg.com/vi/rjfJcnzPLd0/sddefault.jpg,640,480,https://i.ytimg.com/vi/rjfJcnzPLd0/maxresdefault.jpg,1280.0,720.0,Ruchi and Piyush,"['Ruchi Piyush show', 'comedy video for family', 'indian sitcom', 'hindi funny videos', 'indian comedy series', 'hindi film for family', 'short film', 'hindi comedy movie', 'short movie', 'ruchi and piyush latest video', 'ruchi ka business part 2']",24,none,RUCHI KI ENGLISH | ‡§∞‡•Ç‡§ö‡§ø ‡§ï‡•Ä ‡§á‡§Ç‡§ó‡•ç‡§≤‡§ø‡§∂  A Short Film | Family Comedy | Ruchi and Piyush,"Download Duolingo for free now - https://app.adjust.com/6ysiu9a
Ruchi ne aaj nayi classes start kari hai, aur hamesha ki tarah hume students bana diya.

Hope you will support us and share the videos with your friends and family.
Watch more - https://bit.ly/2K3cd5O

Our Family channels - 
Aayu and Pihu Show - https://goo.gl/EHTnu3
Ruchi and Piyush - https://bit.ly/2K3cd5O

You can follow us here
Face book - https://www.facebook.com/ruchiandpiyush/
Instagram - https://www.instagram.com/ruchiandpiyush/

We are always open for suggestions....
Music by - Tuba Waddle by Audionautix is licensed under a Creative Commons Attribution license (https://creativecommons.org/licenses/by/4.0/)
Artist: http://audionautix.com/
Cartoon Pizzicato - Comedy by Kevin MacLeod is licensed under a Creative Commons Attribution license (https://creativecommons.org/licenses/by/4.0/)
Baltic Levity - Thatched Villagers by Kevin MacLeod is licensed under a Creative Commons Attribution license (https://creativecommons.org/licenses/by/4.0/)
Source: http://incompetech.com/music/royalty-free/index.html?isrc=USUAN1100720
Artist: http://incompetech.com/",hi,PT15M37S,2d,hd,true,True,rectangular,2221121,70402,5494,0,8015,"['/m/04rlf', '/m/04rlf']",['https://en.wikipedia.org/wiki/Music'],,,,,,,,
5,youtube#video,2LElfYeTKklfXcCooIFBgTqGOhg,AY1bA23hGMU,2020-08-02T19:31:29Z,UCF6jRAgCbSanHolKt0Vt6Qw,6IX9INE- PUNANI (Official Music Video),"Stream / Download: https://cmg.ffm.to/PUNANI

FOLLOW
IG: https://www.instagram.com/6ix9ine
Twitter: https://twitter.com/6ix9ine
Tik Tok: https://www.tiktok.com/@6ix9ine

Directed & Edited By: Canonf8 & 6ix9ine
Shot By: Canonf8 
Mixed and mastered by: Wizard Lee
Cover art: Alex Solis


LYRICS:
Nasty x6 
Shake It Back, Punani-nani,Fat Punani-nani,
That Tsunami-nami, That Tsunami-nami
Fat Punani-nani, Fat Punani-nani, That Tsunami-nami, That Tsunami-nami
Fat Punani-nani,Fat Punani-nani, That Tsunami-nami, That Tsunami-nami
Fat Punani-nani,Fat Punani-nani, That Tsunami-nami, That Tsunami-nami

Jiggy Little B*tch jiggle on the d*ck, watery, she puckering and sh*t
Guzzle Guzzling
Beat it she a doggy *ss b*tch, muzzle up her sh*t
She just want the ec$tasy and sh*t, trippy in this b*tch
Yeah that b*tch‚Äôll pop it if I tip her, Bend her up d*ck her 
Pockets on monopoly big big spender
Big Big Tipper, big big Trigger, big big pockets on my big big d*ck-a

Fat Punani-nani, Fat Punani-nani, That Tsunami-nami, That Tsunami-nami
Fat Punani-nani,Fat Punani-nani, That Tsunami-nami, That Tsunami-nami
Make it Nasty Nasty Nasty. Make it Nasty Nasty Naty 
Make it Nasty Nasty Nasty. Make it Nasty Nasty Naty 

I know 100 Little N*s, 100 Little N*s, that will really hunt a lil N*, hurt a lil N*
Yous a lil bummy lil N*, dirty lil N*, Yous a lil bummy lil N*, ugly *ss N*
N* act dumb, want to act dum dum, tell em dont act dumb because im dumber
How many shots could a N* duck duck, tell him ducked down before he get BOOM.

Fat Punani-nani, Fat Punani-nani, That Tsunami-nami, That Tsunami-nami
Fat Punani-nani,Fat Punani-nani, That Tsunami-nami, That Tsunami-nami


#6ix9ine #PUNANI #MusicVideo",https://i.ytimg.com/vi/AY1bA23hGMU/default.jpg,120,90,https://i.ytimg.com/vi/AY1bA23hGMU/mqdefault.jpg,320,180,https://i.ytimg.com/vi/AY1bA23hGMU/hqdefault.jpg,480,360,https://i.ytimg.com/vi/AY1bA23hGMU/sddefault.jpg,640,480,https://i.ytimg.com/vi/AY1bA23hGMU/maxresdefault.jpg,1280.0,720.0,Tekashi 6ix9ine,"['6ix9ine', 'punani', 'official music video', 'music video', 'tekashi', 'tekashi 6ix9ine', '69', '6ix9ine official video', '6ix9ine punani official music video', '6ix9ine punani', 'punani 69', 'punani 6ix9ine', '69 punani', 'tekashi 69 punani', '6ix9ine official', '69 official', 'new hip hop 2020', 'new music video 2020', '6ix9ine new song', '6ix9ine songs', 'tekashi punani', 'punani music video', 'punani official video', '6ix9ine official music video', '6ix9ine music video', '6ix9ine video', '6ix9ine music', '69 official music']",10,none,6IX9INE- PUNANI (Official Music Video),"Stream / Download: https://cmg.ffm.to/PUNANI

FOLLOW
IG: https://www.instagram.com/6ix9ine
Twitter: https://twitter.com/6ix9ine
Tik Tok: https://www.tiktok.com/@6ix9ine

Directed & Edited By: Canonf8 & 6ix9ine
Shot By: Canonf8 
Mixed and mastered by: Wizard Lee
Cover art: Alex Solis


LYRICS:
Nasty x6 
Shake It Back, Punani-nani,Fat Punani-nani,
That Tsunami-nami, That Tsunami-nami
Fat Punani-nani, Fat Punani-nani, That Tsunami-nami, That Tsunami-nami
Fat Punani-nani,Fat Punani-nani, That Tsunami-nami, That Tsunami-nami
Fat Punani-nani,Fat Punani-nani, That Tsunami-nami, That Tsunami-nami

Jiggy Little B*tch jiggle on the d*ck, watery, she puckering and sh*t
Guzzle Guzzling
Beat it she a doggy *ss b*tch, muzzle up her sh*t
She just want the ec$tasy and sh*t, trippy in this b*tch
Yeah that b*tch‚Äôll pop it if I tip her, Bend her up d*ck her 
Pockets on monopoly big big spender
Big Big Tipper, big big Trigger, big big pockets on my big big d*ck-a

Fat Punani-nani, Fat Punani-nani, That Tsunami-nami, That Tsunami-nami
Fat Punani-nani,Fat Punani-nani, That Tsunami-nami, That Tsunami-nami
Make it Nasty Nasty Nasty. Make it Nasty Nasty Naty 
Make it Nasty Nasty Nasty. Make it Nasty Nasty Naty 

I know 100 Little N*s, 100 Little N*s, that will really hunt a lil N*, hurt a lil N*
Yous a lil bummy lil N*, dirty lil N*, Yous a lil bummy lil N*, ugly *ss N*
N* act dumb, want to act dum dum, tell em dont act dumb because im dumber
How many shots could a N* duck duck, tell him ducked down before he get BOOM.

Fat Punani-nani, Fat Punani-nani, That Tsunami-nami, That Tsunami-nami
Fat Punani-nani,Fat Punani-nani, That Tsunami-nami, That Tsunami-nami


#6ix9ine #PUNANI #MusicVideo",en,PT1M40S,2d,hd,false,True,rectangular,17565422,1150952,44151,0,120595,,,,,,,,,,
6,youtube#video,vzUf3XdktD-no4s--PCTY4OVGvw,Rj_vssRaZlQ,2020-08-01T20:00:02Z,UCX6OQ3DkcsbYNE6H8uQQuVA,I Ate The World‚Äôs Largest Slice Of Pizza,"This slice of pizza was expensive...
New Merch - https://shopmrbeast.com/

SUBSCRIBE OR I TAKE YOUR DOG


----------------------------------------------------------------
follow all of these or i will kick you
‚Ä¢ Facebook - https://www.facebook.com/MrBeast6000/
‚Ä¢ Twitter - https://twitter.com/MrBeastYT
‚Ä¢  Instagram - https://www.instagram.com/mrbeast
--------------------------------------------------------------------",https://i.ytimg.com/vi/Rj_vssRaZlQ/default.jpg,120,90,https://i.ytimg.com/vi/Rj_vssRaZlQ/mqdefault.jpg,320,180,https://i.ytimg.com/vi/Rj_vssRaZlQ/hqdefault.jpg,480,360,https://i.ytimg.com/vi/Rj_vssRaZlQ/sddefault.jpg,640,480,https://i.ytimg.com/vi/Rj_vssRaZlQ/maxresdefault.jpg,1280.0,720.0,MrBeast,,24,none,I Ate The World‚Äôs Largest Slice Of Pizza,"This slice of pizza was expensive...
New Merch - https://shopmrbeast.com/

SUBSCRIBE OR I TAKE YOUR DOG


----------------------------------------------------------------
follow all of these or i will kick you
‚Ä¢ Facebook - https://www.facebook.com/MrBeast6000/
‚Ä¢ Twitter - https://twitter.com/MrBeastYT
‚Ä¢  Instagram - https://www.instagram.com/mrbeast
--------------------------------------------------------------------",en-US,PT8M3S,2d,hd,false,True,rectangular,19206650,1082877,18627,0,85386,"['/m/04rlf', '/m/05rwpb', '/m/04rlf', '/m/05rwpb']","['https://en.wikipedia.org/wiki/Independent_music', 'https://en.wikipedia.org/wiki/Music']",,,,,,,,
7,youtube#video,L35g9tRPzY4PUubrRdX5TI_bYqU,tSJIQftoxeU,2020-08-02T20:46:26Z,UCtI0Hodo5o5dUb67FeUjDeA,Crew Demo-2 Splashdown,"Crew Demo-2 Departure - https://youtu.be/sl2jo1bSxl8
Crew Demo-2 Return Coast Phase -¬†https://youtu.be/zMsxviPT2Cw
Crew Demo-2 Splashdown - Watching Now

On Saturday, May 30, SpaceX‚Äôs Falcon 9 launched Crew Dragon‚Äôs second demonstration (Demo-2) mission from Launch Complex 39A (LC-39A) at NASA‚Äôs Kennedy Space Center in Florida, and the next day Crew Dragon autonomously docked to the International Space Station. This test flight with NASA astronauts Bob Behnken and Doug Hurley aboard the Dragon spacecraft returned human spaceflight to the United States. SpaceX and NASA are now targeting 7:34 p.m. EDT on Saturday, August 1 for Crew Dragon to autonomously undock from the Space Station, with the two astronauts aboard the spacecraft, and return to Earth. Approximately 19 hours later, after jettisoning its trunk and re-entering Earth‚Äôs atmosphere, Dragon will splash down at one of seven targeted water landing sites off the coast of Florida at 2:42 p.m. EDT on Sunday, August 2. The Demo-2 mission is the final major milestone for SpaceX‚Äôs human spaceflight system to be certified by NASA for operational crew missions to and from the International Space Station. Once the Demo-2 mission is complete, and the SpaceX and NASA teams have reviewed all the data for certification, NASA astronauts Victor Glover, Mike Hopkins, Shannon Walker, and JAXA astronaut Soichi Noguchi will fly on Dragon‚Äôs first six-month operational mission (Crew-1) targeted for late September.",https://i.ytimg.com/vi/tSJIQftoxeU/default.jpg,120,90,https://i.ytimg.com/vi/tSJIQftoxeU/mqdefault.jpg,320,180,https://i.ytimg.com/vi/tSJIQftoxeU/hqdefault.jpg,480,360,https://i.ytimg.com/vi/tSJIQftoxeU/sddefault.jpg,640,480,https://i.ytimg.com/vi/tSJIQftoxeU/maxresdefault.jpg,1280.0,720.0,SpaceX,,28,none,Crew Demo-2 Splashdown,"Crew Demo-2 Departure - https://youtu.be/sl2jo1bSxl8
Crew Demo-2 Return Coast Phase -¬†https://youtu.be/zMsxviPT2Cw
Crew Demo-2 Splashdown - Watching Now

On Saturday, May 30, SpaceX‚Äôs Falcon 9 launched Crew Dragon‚Äôs second demonstration (Demo-2) mission from Launch Complex 39A (LC-39A) at NASA‚Äôs Kennedy Space Center in Florida, and the next day Crew Dragon autonomously docked to the International Space Station. This test flight with NASA astronauts Bob Behnken and Doug Hurley aboard the Dragon spacecraft returned human spaceflight to the United States. SpaceX and NASA are now targeting 7:34 p.m. EDT on Saturday, August 1 for Crew Dragon to autonomously undock from the Space Station, with the two astronauts aboard the spacecraft, and return to Earth. Approximately 19 hours later, after jettisoning its trunk and re-entering Earth‚Äôs atmosphere, Dragon will splash down at one of seven targeted water landing sites off the coast of Florida at 2:42 p.m. EDT on Sunday, August 2. The Demo-2 mission is the final major milestone for SpaceX‚Äôs human spaceflight system to be certified by NASA for operational crew missions to and from the International Space Station. Once the Demo-2 mission is complete, and the SpaceX and NASA teams have reviewed all the data for certification, NASA astronauts Victor Glover, Mike Hopkins, Shannon Walker, and JAXA astronaut Soichi Noguchi will fly on Dragon‚Äôs first six-month operational mission (Crew-1) targeted for late September.",,PT7H56M24S,2d,hd,false,True,rectangular,4513278,101786,1760,0,1625,,,,,,,,,,
8,youtube#video,W2s5p3FWdtWCUsAAz908S2BMF-w,cQm5fhYeY3Q,2020-08-02T17:00:11Z,UCLOEGprmycLLbyzBj2jozLg,My Last Date with Griffin | Dixie D'Amelio,"My first helicopter ride was a lot of fun...


Listen to Be Happy
https://ffm.to/be_happy

Website: https://www.dixiedamelio.com

Subscribe for more official content from Dixie: 
https://www.youtube.com/dixiedamelio?sub_confirmation=1

Connect with me!
TikTok: https://www.tiktok.com/@dixiedamelio
Instagram: https://www.instagram.com/dixiedamelio
Twitter: https://twitter.com/dixiedamelio
Website: https://www.dixiedamelio.com

Check out my merch: https://dixiedamelio.shop/

Have you heard  my new song Be Happy? https://ffm.to/be_happy

#dixiedamelio #behappy",https://i.ytimg.com/vi/cQm5fhYeY3Q/default.jpg,120,90,https://i.ytimg.com/vi/cQm5fhYeY3Q/mqdefault.jpg,320,180,https://i.ytimg.com/vi/cQm5fhYeY3Q/hqdefault.jpg,480,360,https://i.ytimg.com/vi/cQm5fhYeY3Q/sddefault.jpg,640,480,https://i.ytimg.com/vi/cQm5fhYeY3Q/maxresdefault.jpg,1280.0,720.0,Dixie D'Amelio,"['dixie damelio', ""dixie d'amelio"", 'dixie', 'damelio', 'be happy', 'tik tok', 'dixie damelio be happy', ""dixie d'amelio be happy"", 'charli damelio', ""charli d'amelio"", 'tiktok', 'charli', ""d'amelio"", '·ó∑·ïº·ëå·ó¥·îï·íçY·ó¥·îï', ""marc d'amelio"", ""heidi d'amelio"", 'griffin', 'griffin johnson', 'helicopter ride', 'break up', 'we broke up', 'ex boyfriend', 'sway house', 'sway la', 'sway', 'helicopter', 'dinner', 'surprise', 'griffin and dixie']",22,none,My Last Date with Griffin | Dixie D'Amelio,"My first helicopter ride was a lot of fun...


Listen to Be Happy
https://ffm.to/be_happy

Website: https://www.dixiedamelio.com

Subscribe for more official content from Dixie: 
https://www.youtube.com/dixiedamelio?sub_confirmation=1

Connect with me!
TikTok: https://www.tiktok.com/@dixiedamelio
Instagram: https://www.instagram.com/dixiedamelio
Twitter: https://twitter.com/dixiedamelio
Website: https://www.dixiedamelio.com

Check out my merch: https://dixiedamelio.shop/

Have you heard  my new song Be Happy? https://ffm.to/be_happy

#dixiedamelio #behappy",,PT8M8S,2d,hd,false,True,rectangular,5260255,384655,5106,0,29783,,,,,,,,,,
9,youtube#video,eMxzDnG0iYRgLcbGXY4tD6UkCzU,H-l6f4wcv2I,2020-08-02T21:39:04Z,UCLA_DiR1FfKNvjuUpBHmylQ,LIVE VIDEO: Astronauts Return to Earth from Space,"After 62 days in space, approximately 1,024 orbits around our planet and four spacewalks, our #LaunchAmerica crew members are on their way home!

Watch our live coverage Sunday, Aug. 2, starting at 7:25 a.m. EDT to see NASA Astronauts Robert Behnken and Douglas Hurley, aboard SpaceX‚Äôs Crew Dragon Endeavour spacecraft, on their journey to splash down in the Gulf of Mexico off the coast of Pensacola, Florida. Splashdown is currently targeted for 2:48 p.m. EDT.",https://i.ytimg.com/vi/H-l6f4wcv2I/default.jpg,120,90,https://i.ytimg.com/vi/H-l6f4wcv2I/mqdefault.jpg,320,180,https://i.ytimg.com/vi/H-l6f4wcv2I/hqdefault.jpg,480,360,https://i.ytimg.com/vi/H-l6f4wcv2I/sddefault.jpg,640,480,https://i.ytimg.com/vi/H-l6f4wcv2I/maxresdefault.jpg,1280.0,720.0,NASA,,28,none,LIVE VIDEO: Astronauts Return to Earth from Space,"After 62 days in space, approximately 1,024 orbits around our planet and four spacewalks, our #LaunchAmerica crew members are on their way home!

Watch our live coverage Sunday, Aug. 2, starting at 7:25 a.m. EDT to see NASA Astronauts Robert Behnken and Douglas Hurley, aboard SpaceX‚Äôs Crew Dragon Endeavour spacecraft, on their journey to splash down in the Gulf of Mexico off the coast of Pensacola, Florida. Splashdown is currently targeted for 2:48 p.m. EDT.",,PT8H48M25S,2d,hd,true,True,rectangular,6252089,106540,3002,0,986,"['/m/098wr', '/m/098wr']",['https://en.wikipedia.org/wiki/Society'],,,,,,,,
10,youtube#video,zkFfuUqj0W7bWQ3e98J6pv0hOLM,gZ6lTniej7E,2020-08-01T18:57:33Z,UCChcWqwYXCEs657MQ00qVWA,Arsenal vs Chelsea | Key Moments | Final | Heads Up FA Cup Final 19/20,"Pierre-Emerick Aubameyang‚Äôs two goals helped Arsenal come from behind and beat Chelsea to lift the Heads Up FA Cup. The Gunners lift the trophy for the 14th time in their history. 

Follow @EmiratesFACup on Twitter for in-game highlights and match updates!
https://twitter.com/emiratesfacup

Subscribe:
https://www.youtube.com/thefacup

To find out more about The Emirates FA Cup visit:
TheFA.com/EmiratesFACup

The Emirates FA Cup on Facebook
https://www.facebook.com/EmiratesFACup/

The Emirates FA Cup on Instagram
https://www.instagram.com/emiratesfacup/",https://i.ytimg.com/vi/gZ6lTniej7E/default.jpg,120,90,https://i.ytimg.com/vi/gZ6lTniej7E/mqdefault.jpg,320,180,https://i.ytimg.com/vi/gZ6lTniej7E/hqdefault.jpg,480,360,https://i.ytimg.com/vi/gZ6lTniej7E/sddefault.jpg,640,480,https://i.ytimg.com/vi/gZ6lTniej7E/maxresdefault.jpg,1280.0,720.0,The Emirates FA Cup,"['Arsenal', 'Chelsea', 'arsenal vs Chelsea', 'fa cup', 'emirates fa cup', 'fa cup final', 'emirates fa cup final', 'arsenal highlights', 'Chelsea highlights', 'arsenal vs Chelsea highlights', 'aubameyang', 'aubameyang goal vs Chelsea', 'fa cup final highlights', 'kovacic red card', 'aubameyang penalty', 'arsenal', 'arsenal vs chelsea', 'arsenal vs chelsea fa cup final', 'chelsea vs arsenal', 'chelsea vs arsenal fa cup final', 'aubameyang penalty vs chelsea', 'aubameyang goal vs chelsea', 'heads up fa cup final']",17,none,Arsenal vs Chelsea | Key Moments | Final | Heads Up FA Cup Final 19/20,"Pierre-Emerick Aubameyang‚Äôs two goals helped Arsenal come from behind and beat Chelsea to lift the Heads Up FA Cup. The Gunners lift the trophy for the 14th time in their history. 

Follow @EmiratesFACup on Twitter for in-game highlights and match updates!
https://twitter.com/emiratesfacup

Subscribe:
https://www.youtube.com/thefacup

To find out more about The Emirates FA Cup visit:
TheFA.com/EmiratesFACup

The Emirates FA Cup on Facebook
https://www.facebook.com/EmiratesFACup/

The Emirates FA Cup on Instagram
https://www.instagram.com/emiratesfacup/",en-GB,PT2M16S,2d,hd,false,True,rectangular,2656791,37733,1802,0,3421,"['/m/02vx4', '/m/06ntj', '/m/06ntj', '/m/02vx4']","['https://en.wikipedia.org/wiki/Sport', 'https://en.wikipedia.org/wiki/Association_football']",en-GB,Arsenal vs Chelsea | Melhores Momentos | Final | Emirates FA Cup 19/20,"Os dois Aubameyang tiram o Arsenal da desvantagem e garantem a derrota do Chelsea! Os Gunners erguem o trof√©u pela 14¬∫ vez em sua hist√≥ria.

Follow @EmiratesFACup on Twitter for in-game highlights and match updates!
https://twitter.com/emiratesfacup

Subscribe:
https://www.youtube.com/thefacup

To find out more about The Emirates FA Cup visit:
TheFA.com/EmiratesFACup

The Emirates FA Cup on Facebook
https://www.facebook.com/EmiratesFACup/

The Emirates FA Cup on Instagram
https://www.instagram.com/emiratesfacup/",Arsenal vs Chelsea | Key Moments | Final | Heads Up FA Cup Final 19/20,"Pierre-Emerick Aubameyang‚Äôs two goals helped Arsenal come from behind and beat Chelsea to lift the Heads Up FA Cup. The Gunners lift the trophy for the 14th time in their history. 

Follow @EmiratesFACup on Twitter for in-game highlights and match updates!
https://twitter.com/emiratesfacup

Subscribe:
https://www.youtube.com/thefacup

To find out more about The Emirates FA Cup visit:
TheFA.com/EmiratesFACup

The Emirates FA Cup on Facebook
https://www.facebook.com/EmiratesFACup/

The Emirates FA Cup on Instagram
https://www.instagram.com/emiratesfacup/",,,
11,youtube#video,pi9C_2rAC7E1hu-qLHxOU26roeg,Rj_vssRaZlQ,2020-08-01T20:00:02Z,UCX6OQ3DkcsbYNE6H8uQQuVA,I Ate The World‚Äôs Largest Slice Of Pizza,"This slice of pizza was expensive...
New Merch - https://shopmrbeast.com/

SUBSCRIBE OR I TAKE YOUR DOG


----------------------------------------------------------------
follow all of these or i will kick you
‚Ä¢ Facebook - https://www.facebook.com/MrBeast6000/
‚Ä¢ Twitter - https://twitter.com/MrBeastYT
‚Ä¢  Instagram - https://www.instagram.com/mrbeast
--------------------------------------------------------------------",https://i.ytimg.com/vi/Rj_vssRaZlQ/default.jpg,120,90,https://i.ytimg.com/vi/Rj_vssRaZlQ/mqdefault.jpg,320,180,https://i.ytimg.com/vi/Rj_vssRaZlQ/hqdefault.jpg,480,360,https://i.ytimg.com/vi/Rj_vssRaZlQ/sddefault.jpg,640,480,https://i.ytimg.com/vi/Rj_vssRaZlQ/maxresdefault.jpg,1280.0,720.0,MrBeast,,24,none,I Ate The World‚Äôs Largest Slice Of Pizza,"This slice of pizza was expensive...
New Merch - https://shopmrbeast.com/

SUBSCRIBE OR I TAKE YOUR DOG


----------------------------------------------------------------
follow all of these or i will kick you
‚Ä¢ Facebook - https://www.facebook.com/MrBeast6000/
‚Ä¢ Twitter - https://twitter.com/MrBeastYT
‚Ä¢  Instagram - https://www.instagram.com/mrbeast
--------------------------------------------------------------------",en-US,PT8M3S,2d,hd,false,True,rectangular,19206650,1082877,18627,0,85385,"['/m/04rlf', '/m/05rwpb', '/m/04rlf', '/m/05rwpb']","['https://en.wikipedia.org/wiki/Independent_music', 'https://en.wikipedia.org/wiki/Music']",,,,,,,,
12,youtube#video,yg75mkC4COrZEBzuokjKebmKbzg,K-a8s8OLBSE,2020-07-24T04:00:09Z,UCANLZYMidaCbLQFWXBC95Jg,Taylor Swift - cardigan (Official Music Video),"Official music video by Taylor Swift performing ‚Äúcardigan‚Äù ‚Äì off her album ‚Äòfolklore.‚Äô 
Get the album here: https://store.taylorswift.com 

‚ñ∫Subscribe to Taylor Swift on YouTube: https://ts.lnk.to/subscribe 
 
‚ñ∫Exclusive Merch: https://store.taylorswift.com   

‚ñ∫Follow Taylor Swift Online 
Instagram: http://www.instagram.com/taylorswift  
Facebook: http://www.facebook.com/taylorswift  
Tumblr: http://taylorswift.tumblr.com  
Twitter: http://www.twitter.com/taylorswift13  
Website: http://www.taylorswift.com  

‚ñ∫Follow Taylor Nation Online
Instagram: http://www.instagram.com/taylornation  
Tumblr: http://taylornation.tumblr.com  
Twitter: http://www.twitter.com/taylornation13 

director
taylor swift

director of photography
rodrigo prieto

producer
jil hardin

editor
chancler haynes

production designer
ethan tobman

1st ad
joe ‚Äúoz"" osborne

visual effects
david lebensfeld and grant miller for ingenuity studios

gaffer
josh davis 

key grip
ryan mcquire  

storyboards
vincent lucido

executive producer
rebecca skinner

A special thank you to our on set medics, COVID-19 compliance personnel and the crew for operating under the strictest guidelines including wearing PPE, practicing thorough sanitization and respecting social distancing during the video shoot.

Official ‚Äòcardigan‚Äô Lyrics
Written by Taylor Swift & Aaron Dessner

Vintage tee, brand new phone High heels on cobblestones
When you are young they assume you know nothing Sequin smile, black lipstick
Sensual politics
When you are young they assume you know nothing

But I knew you Dancing in your Levi‚Äôs
Drunk under a streetlight I knew you
Hand under my sweatshirt Baby kiss it better
And when I felt like I was an old cardigan under someone‚Äôs bed You put me on and said I was your favorite

A friend to all is a friend to none Chase two girls, lose the one
When you are young they assume you know nothing

But I knew you
Playing hide-and-seek and Giving me your weekends I knew you
Your heartbeat on the High Line Once in twenty lifetimes
And when I felt like I was an old cardigan under someone‚Äôs bed You put me on and said I was your favorite

To kiss in cars and downtown bars Was all we needed
You drew stars around my scars But now I‚Äôm bleeding

Cause I knew you Stepping on the last train
 
Marked me like a bloodstain I knew you
Tried to change the ending Peter losing Wendy
I knew you
Leaving like a father Running like water
When you are young they assume you know nothing But I knew you‚Äôd linger like a tattoo kiss
I knew you‚Äôd haunt all of my what-ifs
The smell of smoke would hang around this long Cause I knew everything when I was young
I knew I‚Äôd curse you for the longest time Chasing shadows in the grocery line
I knew you‚Äôd miss me once the thrill expired And you‚Äôd be standing in my front porch light And I knew you‚Äôd come back to me
You‚Äôd come back to me And you‚Äôd come back to me And you‚Äôd come back
And when I felt like I was an old cardigan Under someone‚Äôs bed
You put me on and said I was your favorite

#TaylorSwift #cardigan #folklore",https://i.ytimg.com/vi/K-a8s8OLBSE/default.jpg,120,90,https://i.ytimg.com/vi/K-a8s8OLBSE/mqdefault.jpg,320,180,https://i.ytimg.com/vi/K-a8s8OLBSE/hqdefault.jpg,480,360,https://i.ytimg.com/vi/K-a8s8OLBSE/sddefault.jpg,640,480,https://i.ytimg.com/vi/K-a8s8OLBSE/maxresdefault.jpg,1280.0,720.0,TaylorSwiftVEVO,"['Taylor', 'Swift', 'cardigan', 'Alternative', 'taylor swift', 'cardigan taylor swift', 'taylor swift cardigan', 'cardigan official video', 'cardigan music video', 'folklore', 'taylor swift folklore', 'folklore cardigan', 'cardigan folklore', 'cardigan lyrics', 'taylor swift cardigan lyrics', 'taylor cardigan', 'cardigan taylor', 'folklore taylor swift', 'folk lore', 'taylor swift new album', 'taylor swift new music', 'folk lore taylor swift', 'taylor swift folk lore']",10,none,Taylor Swift - cardigan (Official Music Video),"Official music video by Taylor Swift performing ‚Äúcardigan‚Äù ‚Äì off her album ‚Äòfolklore.‚Äô 
Get the album here: https://store.taylorswift.com 

‚ñ∫Subscribe to Taylor Swift on YouTube: https://ts.lnk.to/subscribe 
 
‚ñ∫Exclusive Merch: https://store.taylorswift.com   

‚ñ∫Follow Taylor Swift Online 
Instagram: http://www.instagram.com/taylorswift  
Facebook: http://www.facebook.com/taylorswift  
Tumblr: http://taylorswift.tumblr.com  
Twitter: http://www.twitter.com/taylorswift13  
Website: http://www.taylorswift.com  

‚ñ∫Follow Taylor Nation Online
Instagram: http://www.instagram.com/taylornation  
Tumblr: http://taylornation.tumblr.com  
Twitter: http://www.twitter.com/taylornation13 

director
taylor swift

director of photography
rodrigo prieto

producer
jil hardin

editor
chancler haynes

production designer
ethan tobman

1st ad
joe ‚Äúoz"" osborne

visual effects
david lebensfeld and grant miller for ingenuity studios

gaffer
josh davis 

key grip
ryan mcquire  

storyboards
vincent lucido

executive producer
rebecca skinner

A special thank you to our on set medics, COVID-19 compliance personnel and the crew for operating under the strictest guidelines including wearing PPE, practicing thorough sanitization and respecting social distancing during the video shoot.

Official ‚Äòcardigan‚Äô Lyrics
Written by Taylor Swift & Aaron Dessner

Vintage tee, brand new phone High heels on cobblestones
When you are young they assume you know nothing Sequin smile, black lipstick
Sensual politics
When you are young they assume you know nothing

But I knew you Dancing in your Levi‚Äôs
Drunk under a streetlight I knew you
Hand under my sweatshirt Baby kiss it better
And when I felt like I was an old cardigan under someone‚Äôs bed You put me on and said I was your favorite

A friend to all is a friend to none Chase two girls, lose the one
When you are young they assume you know nothing

But I knew you
Playing hide-and-seek and Giving me your weekends I knew you
Your heartbeat on the High Line Once in twenty lifetimes
And when I felt like I was an old cardigan under someone‚Äôs bed You put me on and said I was your favorite

To kiss in cars and downtown bars Was all we needed
You drew stars around my scars But now I‚Äôm bleeding

Cause I knew you Stepping on the last train
 
Marked me like a bloodstain I knew you
Tried to change the ending Peter losing Wendy
I knew you
Leaving like a father Running like water
When you are young they assume you know nothing But I knew you‚Äôd linger like a tattoo kiss
I knew you‚Äôd haunt all of my what-ifs
The smell of smoke would hang around this long Cause I knew everything when I was young
I knew I‚Äôd curse you for the longest time Chasing shadows in the grocery line
I knew you‚Äôd miss me once the thrill expired And you‚Äôd be standing in my front porch light And I knew you‚Äôd come back to me
You‚Äôd come back to me And you‚Äôd come back to me And you‚Äôd come back
And when I felt like I was an old cardigan Under someone‚Äôs bed
You put me on and said I was your favorite

#TaylorSwift #cardigan #folklore",,PT4M35S,2d,hd,true,True,rectangular,39956759,1607230,39812,0,106413,"['/m/05rwpb', '/m/04rlf', '/m/064t9', '/m/06by7', '/m/04rlf', '/m/05rwpb']","['https://en.wikipedia.org/wiki/Independent_music', 'https://en.wikipedia.org/wiki/Music', 'https://en.wikipedia.org/wiki/Rock_music', 'https://en.wikipedia.org/wiki/Pop_music']",,,,,,"['BZ', 'BY', 'BS', 'BR', 'BQ', 'BW', 'BV', 'BT', 'BJ', 'BI', 'BH', 'BO', 'BN', 'BM', 'BL', 'BB', 'BA', 'BG', 'BF', 'BE', 'BD', 'MK', 'MH', 'MN', 'MO', 'ML', 'MM', 'UZ', 'MC', 'YT', 'MA', 'MF', 'MG', 'MD', 'ME', 'MZ', 'MX', 'MY', 'UG', 'MR', 'MS', 'MP', 'MQ', 'MV', 'MW', 'MT', 'MU', 'PM', 'EC', 'PN', 'EG', 'PK', 'EE', 'PE', 'EH', 'PF', 'PA', 'ER', 'ES', 'TR', 'PY', 'ET', 'PT', 'PW', 'PS', 'PR', 'SO', 'HM', 'HN', 'HK', 'SI', 'HU', 'HT', 'NR', 'SJ', 'HR', 'UM', 'TZ', 'DE', 'DK', 'DJ', 'DM', 'DO', 'SV', 'RO', 'DZ', 'WS', 'WF', 'GH', 'GI', 'ZW', 'GM', 'GN', 'US', 'GA', 'GB', 'GD', 'GE', 'GF', 'GG', 'GY', 'ZA', 'RE', 'GP', 'GQ', 'GR', 'GS', 'RW', 'GU', 'RU', 'GW', 'TJ', 'JE', 'TM', 'JO', 'JM', 'TL', 'JP', 'TN', 'SD', 'FO', 'NU', 'UY', 'FK', 'FJ', 'FI', 'NP', 'NZ', 'QA', 'NG', 'NF', 'NE', 'YE', 'NC', 'NA', 'NO', 'NL', 'FR', 'NI', 'ID', 'IE', 'IN', 'GT', 'IL', 'IM', 'RS', 'OM', 'IT', 'UA', 'IR', 'IS', 'IQ', 'AZ', 'AX', 'AW', 'AT', 'AU', 'AR', 'AS', 'AQ', 'AO', 'AL', 'AM', 'AI', 'AF', 'AG', 'AD', 'AE', 'LI', 'LK', 'GL', 'TT', 'TW', 'TV', 'LA', 'LC', 'LB', 'LY', 'TC', 'TD', 'TG', 'TF', 'TH', 'LS', 'LR', 'LU', 'LT', 'TO', 'LV', 'FM', 'PL', 'PH', 'ST', 'KM', 'KN', 'KH', 'KI', 'SR', 'KE', 'KG', 'SX', 'SY', 'SZ', 'ZM', 'SE', 'SG', 'SA', 'SB', 'SC', 'SL', 'SM', 'SN', 'KW', 'SH', 'PG', 'KR', 'SK', 'CD', 'CF', 'CG', 'CA', 'CC', 'CL', 'CM', 'CN', 'CO', 'CH', 'CI', 'CK', 'CU', 'CV', 'CW', 'TK', 'CR', 'KZ', 'CX', 'CY', 'CZ', 'VU', 'VN', 'VI', 'VG', 'KY', 'VE', 'VC', 'VA']",,
13,youtube#video,Fo5FMXpVSnrcBrPcxZvE4hdb2ys,FnPWwfFKLu0,2020-08-02T07:00:01Z,UC8az0OO4wXXu2k0ifJjxxBg,WE SURPRISED OUR BOSSES?? | #NOC 1 Million Special üéäüéâ,"How well do you know NOC? Our Co-founders Ryan Sylvia go head-to-head with each other in an epic battle as they review the 517 videos that made #teamnoc today. 

It's been a long, arduous journey and we're finally here!! At 1 Million Subscribers!!

From the bottom of our hearts, thank you for being with us since the start ‚Äî through our marriage, our office tour, our divorce, and this Coronavirus pandemic. We're so grateful for every single one of you, from Singapore, Malaysia and around the world!

We can't wait to bring more enjoyable content to you guys at Night Owl Cinematics! 

Do you know NOC better than us?? Let us know what NOC means to you in the comments below ‚ù§Ô∏è
Psst: If you've been around since the start, let us know too with the hashtag #teamnoc üíï

List of videos mentioned:

Shit Singaporean Boyfriends Say 
https://www.youtube.com/watch?v=FJouT1SqwrU&t=86s

Short Film: Lost In Time
https://youtu.be/12QBZ8fxwaY?t=40

Shit Singaporeans Say In Malaysia
https://youtu.be/5j2qZb3H2D4

Past vs Present 
https://youtu.be/p8t0NtrsR2I 

How To Be A Manly Man
https://www.youtube.com/watch?v=sbiPj374eVY&feature=youtu.be

What to Eat and Do in Tokyo, Japan (NOC Travel Guide!) 
https://youtu.be/d4OburI9RDk?t=212 

Dating VS Married 
https://www.youtube.com/watch?v=4sgtmdFndzw

Top 5 Shit We Watch On TV During CNY 
https://www.youtube.com/watch?v=vJsDVUop8eE&

Food King Singapore: Taste Test! (WARNING! DISGUSTING FORFEIT!)
https://www.youtube.com/watch?v=_bxsUJWStHw

 Click This To Make Magic Happen
http://www.youtube.com/subscription_center?add_user=alozerk

Help us translate our videos!
http://www.youtube.com/timedtext_cs_panel?tab=2&c=UC8az0OO4wXXu2k0ifJjxxBg

Find us on Instagram:
Ryan - https://www.instagram.com/nightowlcinematics 
Sylvia - https://www.instagram.com/sylsylnoc
Aiken - https://www.instagram.com/aikenchia/
Deekosh - https://www.instagram.com/deekosh/
Isabelle - https://www.instagram.com/bombiibii
Sikeen - http://www.instagram.com/chansikeen
Aurelia - http://www.instagram.com/aureliahathaway
Joanna - http://www.instagram.com/joannalhs
Grace - https://www.instagram.com/gracelsyy/
Gabriel - https://www.instagram.com/thisisgabrielseow/
Rachel - https://www.instagram.com/iamrachelwan/
Nina - https://www.instagram.com/ninatsf
Sherri - https://www.instagram.com/sherriashlee/
Charlene - http://www.instagram.com/kiewc
Anna - http://www.instagram.com/anna_en/
Franster - http://instagram.com/fransterwong
Victoria - https://www.instagram.com/victoriacheng/
Julian - https://www.instagram.com/juliantaytm/
Zijie - https://www.instagram.com/raozijie/
Das - https://www.instagram.com/dasdyl
Zemily - https://www.instagram.com/zemily.jieru
Ryan's Personal - https://www.instagram.com/ryanxgo
Samantha - https://www.instagram.com/samanthatyf
Aiman - https://www.instagram.com/namjaunni/
Nicole - https://www.instagram.com/lielnicole/
Kris - https://www.instagram.com/_kriskai/
Sherr - https://www.instagram.com/sherrng/

SUPPORT US ON PATREON!
https://www.patreon.com/noc

FACEBOOK
http://www.facebook.com/nightowlcinematics

EMAIL
For business/talent enquiries, email us directly at sylvia@noc.com.sg

VISIT OUR WEBSITE 
http://www.noc.com.sg

TWITTER
http://www.twitter.com/RyanSylviaNOC

ADDRESS
North View Bizhub
6 Yishun Industrial Street 1, #01-14
Singapore 768090

NOC PARTNERS
Secretlab - https://secretlab.co/?rfsn=766094.d8043e&utm_source=refersion&utm_medium=affiliate&utm_campaign=766094.d8043e
Cathay Photo - http://www.cathayphoto.com.sg/
MyRepublic - https://secure.myrepublic.com.sg/
Shunji Matsuo - http://www.shunjimatsuo.com.sg/                
Flesh Imp - http://shop.fleshimp.com
Imba Interactive - https://www.facebook.com/IMBAinteractive
TopGear PC - https://www.topgearpc.com / 
Bosch - https://www.bosch-home.com.sg/
Aftershock - https://www.aftershockpc.com/

OUTRO SONG
Darren Ashley - https://www.youtube.com/watch?v=qJZq4bADmW0

Disclaimer: While we respect everybody's views and opinions, it is necessary you respect ours. We are entertainers, not role models! If you're gonna be butt-hurt about our videos, simply click X :/ But for those who share our sense of humor, enjoy your stay! And tell us what you want to see in the next video! :) Thank you!

Directed, shot and edited by Ryan & Sylvia

#NOC",https://i.ytimg.com/vi/FnPWwfFKLu0/default.jpg,120,90,https://i.ytimg.com/vi/FnPWwfFKLu0/mqdefault.jpg,320,180,https://i.ytimg.com/vi/FnPWwfFKLu0/hqdefault.jpg,480,360,https://i.ytimg.com/vi/FnPWwfFKLu0/sddefault.jpg,640,480,https://i.ytimg.com/vi/FnPWwfFKLu0/maxresdefault.jpg,1280.0,720.0,Ryan Sylvia,"['singapore', 'singaporean', 'noc', 'night owl cinematics', '1 million subscribers', 'noc 1 million', 'NOC Osaka Travelogue', 'jianhao tan', 'dee kosh', 'sylvia chan', 'ryan tan', 'sylvia noc', 'ryan noc', 'ryan sylvia', 'noc divorce', 'dating vs married', 'Food King Singapore', 'nathan hartono', '#teamnoc', 'nina noc', 'the smart local', 'singaporeans try', 'noc office', 'Singaporean Boyfriend Says', 'noc house tour', 'Singaporean Girlfriends Say', 'noc travelogue', 'noc travel guides', 'noc nina', 'Ryan Sylvia', 'food king noc']",23,none,WE SURPRISED OUR BOSSES?? | #NOC 1 Million Special üéäüéâ,"How well do you know NOC? Our Co-founders Ryan Sylvia go head-to-head with each other in an epic battle as they review the 517 videos that made #teamnoc today. 

It's been a long, arduous journey and we're finally here!! At 1 Million Subscribers!!

From the bottom of our hearts, thank you for being with us since the start ‚Äî through our marriage, our office tour, our divorce, and this Coronavirus pandemic. We're so grateful for every single one of you, from Singapore, Malaysia and around the world!

We can't wait to bring more enjoyable content to you guys at Night Owl Cinematics! 

Do you know NOC better than us?? Let us know what NOC means to you in the comments below ‚ù§Ô∏è
Psst: If you've been around since the start, let us know too with the hashtag #teamnoc üíï

List of videos mentioned:

Shit Singaporean Boyfriends Say 
https://www.youtube.com/watch?v=FJouT1SqwrU&t=86s

Short Film: Lost In Time
https://youtu.be/12QBZ8fxwaY?t=40

Shit Singaporeans Say In Malaysia
https://youtu.be/5j2qZb3H2D4

Past vs Present 
https://youtu.be/p8t0NtrsR2I 

How To Be A Manly Man
https://www.youtube.com/watch?v=sbiPj374eVY&feature=youtu.be

What to Eat and Do in Tokyo, Japan (NOC Travel Guide!) 
https://youtu.be/d4OburI9RDk?t=212 

Dating VS Married 
https://www.youtube.com/watch?v=4sgtmdFndzw

Top 5 Shit We Watch On TV During CNY 
https://www.youtube.com/watch?v=vJsDVUop8eE&

Food King Singapore: Taste Test! (WARNING! DISGUSTING FORFEIT!)
https://www.youtube.com/watch?v=_bxsUJWStHw

 Click This To Make Magic Happen
http://www.youtube.com/subscription_center?add_user=alozerk

Help us translate our videos!
http://www.youtube.com/timedtext_cs_panel?tab=2&c=UC8az0OO4wXXu2k0ifJjxxBg

Find us on Instagram:
Ryan - https://www.instagram.com/nightowlcinematics 
Sylvia - https://www.instagram.com/sylsylnoc
Aiken - https://www.instagram.com/aikenchia/
Deekosh - https://www.instagram.com/deekosh/
Isabelle - https://www.instagram.com/bombiibii
Sikeen - http://www.instagram.com/chansikeen
Aurelia - http://www.instagram.com/aureliahathaway
Joanna - http://www.instagram.com/joannalhs
Grace - https://www.instagram.com/gracelsyy/
Gabriel - https://www.instagram.com/thisisgabrielseow/
Rachel - https://www.instagram.com/iamrachelwan/
Nina - https://www.instagram.com/ninatsf
Sherri - https://www.instagram.com/sherriashlee/
Charlene - http://www.instagram.com/kiewc
Anna - http://www.instagram.com/anna_en/
Franster - http://instagram.com/fransterwong
Victoria - https://www.instagram.com/victoriacheng/
Julian - https://www.instagram.com/juliantaytm/
Zijie - https://www.instagram.com/raozijie/
Das - https://www.instagram.com/dasdyl
Zemily - https://www.instagram.com/zemily.jieru
Ryan's Personal - https://www.instagram.com/ryanxgo
Samantha - https://www.instagram.com/samanthatyf
Aiman - https://www.instagram.com/namjaunni/
Nicole - https://www.instagram.com/lielnicole/
Kris - https://www.instagram.com/_kriskai/
Sherr - https://www.instagram.com/sherrng/

SUPPORT US ON PATREON!
https://www.patreon.com/noc

FACEBOOK
http://www.facebook.com/nightowlcinematics

EMAIL
For business/talent enquiries, email us directly at sylvia@noc.com.sg

VISIT OUR WEBSITE 
http://www.noc.com.sg

TWITTER
http://www.twitter.com/RyanSylviaNOC

ADDRESS
North View Bizhub
6 Yishun Industrial Street 1, #01-14
Singapore 768090

NOC PARTNERS
Secretlab - https://secretlab.co/?rfsn=766094.d8043e&utm_source=refersion&utm_medium=affiliate&utm_campaign=766094.d8043e
Cathay Photo - http://www.cathayphoto.com.sg/
MyRepublic - https://secure.myrepublic.com.sg/
Shunji Matsuo - http://www.shunjimatsuo.com.sg/                
Flesh Imp - http://shop.fleshimp.com
Imba Interactive - https://www.facebook.com/IMBAinteractive
TopGear PC - https://www.topgearpc.com / 
Bosch - https://www.bosch-home.com.sg/
Aftershock - https://www.aftershockpc.com/

OUTRO SONG
Darren Ashley - https://www.youtube.com/watch?v=qJZq4bADmW0

Disclaimer: While we respect everybody's views and opinions, it is necessary you respect ours. We are entertainers, not role models! If you're gonna be butt-hurt about our videos, simply click X :/ But for those who share our sense of humor, enjoy your stay! And tell us what you want to see in the next video! :) Thank you!

Directed, shot and edited by Ryan & Sylvia

#NOC",en,PT19M42S,2d,hd,false,True,rectangular,213246,10507,109,0,1097,"['/m/02jjt', '/m/0f2f9', '/m/02jjt', '/m/0f2f9', '/m/0f2f9']","['https://en.wikipedia.org/wiki/Entertainment', 'https://en.wikipedia.org/wiki/Television_program']",,,,,,,,
14,youtube#video,BPpfCDHkGckYtP2o4bWqrU-QsBI,osdoLjUNFnA,2020-07-24T04:00:21Z,UCANLZYMidaCbLQFWXBC95Jg,Taylor Swift ‚Äì exile (feat. Bon Iver) (Official Lyric Video),"Official lyric video by Taylor Swift feat. Bon Iver performing ‚Äúexile‚Äù ‚Äì off her album ‚Äòfolklore.‚Äô 
Album available here: https://store.taylorswift.com 

‚ñ∫Subscribe to Taylor Swift on YouTube: https://ts.lnk.to/subscribe 
 
‚ñ∫Exclusive Merch: https://store.taylorswift.com  

‚ñ∫Follow Taylor Swift Online 
Instagram: http://www.instagram.com/taylorswift  
Facebook: http://www.facebook.com/taylorswift   
Tumblr: http://taylorswift.tumblr.com  
Twitter: http://www.twitter.com/taylorswift13  
Website: http://www.taylorswift.com  

‚ñ∫Follow Taylor Nation Online 
Instagram: http://www.instagram.com/taylornation  
Tumblr: http://taylornation.tumblr.com  
Twitter: http://www.twitter.com/taylornation13 

#TaylorSwift #exile #folklore",https://i.ytimg.com/vi/osdoLjUNFnA/default.jpg,120,90,https://i.ytimg.com/vi/osdoLjUNFnA/mqdefault.jpg,320,180,https://i.ytimg.com/vi/osdoLjUNFnA/hqdefault.jpg,480,360,https://i.ytimg.com/vi/osdoLjUNFnA/sddefault.jpg,640,480,https://i.ytimg.com/vi/osdoLjUNFnA/maxresdefault.jpg,1280.0,720.0,TaylorSwiftVEVO,"['Taylor', 'Swift', 'exile', '(Lyric', 'Video)', 'Alternative']",10,none,Taylor Swift ‚Äì exile (feat. Bon Iver) (Official Lyric Video),"Official lyric video by Taylor Swift feat. Bon Iver performing ‚Äúexile‚Äù ‚Äì off her album ‚Äòfolklore.‚Äô 
Album available here: https://store.taylorswift.com 

‚ñ∫Subscribe to Taylor Swift on YouTube: https://ts.lnk.to/subscribe 
 
‚ñ∫Exclusive Merch: https://store.taylorswift.com  

‚ñ∫Follow Taylor Swift Online 
Instagram: http://www.instagram.com/taylorswift  
Facebook: http://www.facebook.com/taylorswift   
Tumblr: http://taylorswift.tumblr.com  
Twitter: http://www.twitter.com/taylorswift13  
Website: http://www.taylorswift.com  

‚ñ∫Follow Taylor Nation Online 
Instagram: http://www.instagram.com/taylornation  
Tumblr: http://taylornation.tumblr.com  
Twitter: http://www.twitter.com/taylornation13 

#TaylorSwift #exile #folklore",,PT4M47S,2d,hd,false,True,rectangular,13777524,539871,7415,0,22182,"['/m/04rlf', '/m/05rwpb', '/m/04rlf', '/m/05rwpb']","['https://en.wikipedia.org/wiki/Independent_music', 'https://en.wikipedia.org/wiki/Music']",,,,,,"['BZ', 'BY', 'BS', 'BR', 'BQ', 'BW', 'BV', 'BT', 'BJ', 'BI', 'BH', 'BO', 'BN', 'BM', 'BL', 'BB', 'BA', 'BG', 'BF', 'BE', 'BD', 'MK', 'MH', 'MN', 'MO', 'ML', 'MM', 'UZ', 'MC', 'YT', 'MA', 'MF', 'MG', 'MD', 'ME', 'MZ', 'MX', 'MY', 'UG', 'MR', 'MS', 'MP', 'MQ', 'MV', 'MW', 'MT', 'MU', 'PM', 'EC', 'PN', 'EG', 'PK', 'EE', 'PE', 'EH', 'PF', 'PA', 'ER', 'ES', 'TR', 'PY', 'ET', 'PT', 'PW', 'PS', 'PR', 'SO', 'HM', 'HN', 'HK', 'SI', 'HU', 'HT', 'NR', 'SJ', 'HR', 'UM', 'TZ', 'DE', 'DK', 'DJ', 'DM', 'DO', 'SV', 'RO', 'DZ', 'WS', 'WF', 'GH', 'GI', 'ZW', 'GM', 'GN', 'US', 'GA', 'GB', 'GD', 'GE', 'GF', 'GG', 'GY', 'ZA', 'RE', 'GP', 'GQ', 'GR', 'GS', 'RW', 'GU', 'RU', 'GW', 'TJ', 'JE', 'TM', 'JO', 'JM', 'TL', 'JP', 'TN', 'SD', 'FO', 'NU', 'UY', 'FK', 'FJ', 'FI', 'NP', 'NZ', 'QA', 'NG', 'NF', 'NE', 'YE', 'NC', 'NA', 'NO', 'NL', 'FR', 'NI', 'ID', 'IE', 'IN', 'GT', 'IL', 'IM', 'RS', 'OM', 'IT', 'UA', 'IR', 'IS', 'IQ', 'AZ', 'AX', 'AW', 'AT', 'AU', 'AR', 'AS', 'AQ', 'AO', 'AL', 'AM', 'AI', 'AF', 'AG', 'AD', 'AE', 'LI', 'LK', 'GL', 'TT', 'TW', 'TV', 'LA', 'LC', 'LB', 'LY', 'TC', 'TD', 'TG', 'TF', 'TH', 'LS', 'LR', 'LU', 'LT', 'TO', 'LV', 'FM', 'PL', 'PH', 'ST', 'KM', 'KN', 'KH', 'KI', 'SR', 'KE', 'KG', 'SX', 'SY', 'SZ', 'ZM', 'SE', 'SG', 'SA', 'SB', 'SC', 'SL', 'SM', 'SN', 'KW', 'SH', 'PG', 'KR', 'SK', 'CD', 'CF', 'CG', 'CA', 'CC', 'CL', 'CM', 'CN', 'CO', 'CH', 'CI', 'CK', 'CU', 'CV', 'CW', 'TK', 'CR', 'KZ', 'CX', 'CY', 'CZ', 'VU', 'VN', 'VI', 'VG', 'KY', 'VE', 'VC', 'VA']",,
15,youtube#video,bKeNhP1TWxiv6M7bBTIv6LTgHKs,cl0a3i2wFcc,2020-07-29T07:30:15Z,UCZRdNleCgW-BGUJf-bbjzQg,Diljit Dosanjh - G.O.A.T. (Official Music Video),"Official Music Video By DILJIT DOSANJH From his Album G.O.A.T. 
Listen to the full album on Spotify ‚ñ∫https://spoti.fi/DiljitDosanjh_GOAT
Follow Diljit Dosanjh on Spotify ‚ñ∫ https://spoti.fi/301R7wj
Pre-Order G.O.A.T. album : https://music.apple.com/us/album/g-o-a-t/1523520901
Full album releasing 30 July, 2020. 
For latest punjabi songs - Subscribe to DILJIT DOSANJH CHANNEL ‚ñ∫ https://bit.ly/diljitdosanjhchannel 

Song: G.O.A.T.
Album: G.O.A.T. 
Singer: Diljit Dosanjh
Lyricist - Karan Aujla
Music - G-Funk
Mix & Master - Tom Lowry ( Planet Studios )
Model - Elwa
Director - Rahul Dutta
Video Concept - San Dosanjh 
Production Team - Aastha Verma, Gursimran Singh
Business Manager - Sonali Singh
Recorded - QMadetheBeat 
Intro - J Roe & I Am Fame 
Outro - Adonis 
Special Thanks - Kalikwest, Sandeep Rehaan, G Sidhu, Jain The Jeweler, Kaka Mohanwalia, Sukhi Dosanjh, Deep Sangha, Big Omeezy, Sukh Purewal, Sunny Purewal & Kamal Dhaliwal 

#DiljitDosanjh #GOAT #GreatestOfAllTime #PunjabiSongs2020

‚ñ∫ Follow DILJIT DOSANJH online 
INSTAGRAM: https://www.instagram.com/diljitdosanjh
TWITTER : https://twitter.com/diljitdosanjh
FACEBOOK: https://www.facebook.com/DiljitDosanjh
SNAPCHAT:https://www.snapchat.com/add/thisisdosanjh
TRILLER:  @diljitdosanjh",https://i.ytimg.com/vi/cl0a3i2wFcc/default.jpg,120,90,https://i.ytimg.com/vi/cl0a3i2wFcc/mqdefault.jpg,320,180,https://i.ytimg.com/vi/cl0a3i2wFcc/hqdefault.jpg,480,360,https://i.ytimg.com/vi/cl0a3i2wFcc/sddefault.jpg,640,480,https://i.ytimg.com/vi/cl0a3i2wFcc/maxresdefault.jpg,1280.0,720.0,Diljit Dosanjh,"['goat', 'goat diljit dosanjh', 'goat diljit dosanjh full album', 'karan aujla', 'diljit dosanjh karan aujla song', 'jatt da pyar diljit dosanjh', 'punjabi songs 2020', 'Diljit Dosanjh', 'Diljit dosanjh new songs', 'diljit dosanjh songs', 'goat diljit dosanjh 2020', 'goat 2020', 'latest punjabi songs 2020', 'punjabi songs', 'punajbi 2020 latest songs', 'karan aujla new song', 'GOAT punjabi song 2020', 'punjabi songs', 'karan aujla diljit dosanjh', 'punjabi', 'new songs 2020', 'new songs punjabi', 'bhangra songs punjabi']",10,none,Diljit Dosanjh - G.O.A.T. (Official Music Video),"Official Music Video By DILJIT DOSANJH From his Album G.O.A.T. 
Listen to the full album on Spotify ‚ñ∫https://spoti.fi/DiljitDosanjh_GOAT
Follow Diljit Dosanjh on Spotify ‚ñ∫ https://spoti.fi/301R7wj
Pre-Order G.O.A.T. album : https://music.apple.com/us/album/g-o-a-t/1523520901
Full album releasing 30 July, 2020. 
For latest punjabi songs - Subscribe to DILJIT DOSANJH CHANNEL ‚ñ∫ https://bit.ly/diljitdosanjhchannel 

Song: G.O.A.T.
Album: G.O.A.T. 
Singer: Diljit Dosanjh
Lyricist - Karan Aujla
Music - G-Funk
Mix & Master - Tom Lowry ( Planet Studios )
Model - Elwa
Director - Rahul Dutta
Video Concept - San Dosanjh 
Production Team - Aastha Verma, Gursimran Singh
Business Manager - Sonali Singh
Recorded - QMadetheBeat 
Intro - J Roe & I Am Fame 
Outro - Adonis 
Special Thanks - Kalikwest, Sandeep Rehaan, G Sidhu, Jain The Jeweler, Kaka Mohanwalia, Sukhi Dosanjh, Deep Sangha, Big Omeezy, Sukh Purewal, Sunny Purewal & Kamal Dhaliwal 

#DiljitDosanjh #GOAT #GreatestOfAllTime #PunjabiSongs2020

‚ñ∫ Follow DILJIT DOSANJH online 
INSTAGRAM: https://www.instagram.com/diljitdosanjh
TWITTER : https://twitter.com/diljitdosanjh
FACEBOOK: https://www.facebook.com/DiljitDosanjh
SNAPCHAT:https://www.snapchat.com/add/thisisdosanjh
TRILLER:  @diljitdosanjh",pa,PT3M44S,2d,hd,false,True,rectangular,30007565,821227,32596,0,69625,"['/m/04rlf', '/m/04rlf']",['https://en.wikipedia.org/wiki/Music'],,,,,,,,
16,youtube#video,oE1D-6Z0r3N98Y4c830bMxmX6Fw,Rj_vssRaZlQ,2020-08-01T20:00:02Z,UCX6OQ3DkcsbYNE6H8uQQuVA,I Ate The World‚Äôs Largest Slice Of Pizza,"This slice of pizza was expensive...
New Merch - https://shopmrbeast.com/

SUBSCRIBE OR I TAKE YOUR DOG


----------------------------------------------------------------
follow all of these or i will kick you
‚Ä¢ Facebook - https://www.facebook.com/MrBeast6000/
‚Ä¢ Twitter - https://twitter.com/MrBeastYT
‚Ä¢  Instagram - https://www.instagram.com/mrbeast
--------------------------------------------------------------------",https://i.ytimg.com/vi/Rj_vssRaZlQ/default.jpg,120,90,https://i.ytimg.com/vi/Rj_vssRaZlQ/mqdefault.jpg,320,180,https://i.ytimg.com/vi/Rj_vssRaZlQ/hqdefault.jpg,480,360,https://i.ytimg.com/vi/Rj_vssRaZlQ/sddefault.jpg,640,480,https://i.ytimg.com/vi/Rj_vssRaZlQ/maxresdefault.jpg,1280.0,720.0,MrBeast,,24,none,I Ate The World‚Äôs Largest Slice Of Pizza,"This slice of pizza was expensive...
New Merch - https://shopmrbeast.com/

SUBSCRIBE OR I TAKE YOUR DOG


----------------------------------------------------------------
follow all of these or i will kick you
‚Ä¢ Facebook - https://www.facebook.com/MrBeast6000/
‚Ä¢ Twitter - https://twitter.com/MrBeastYT
‚Ä¢  Instagram - https://www.instagram.com/mrbeast
--------------------------------------------------------------------",en-US,PT8M3S,2d,hd,false,True,rectangular,19206650,1082877,18627,0,85384,"['/m/04rlf', '/m/05rwpb', '/m/04rlf', '/m/05rwpb']","['https://en.wikipedia.org/wiki/Music', 'https://en.wikipedia.org/wiki/Independent_music']",,,,,,,,
17,youtube#video,aF0DU7YHQva9JQ7UW6Ll65WAWpk,G42RJ4mKj1k,2020-07-29T19:00:05Z,UCzQUP1qoWDoEbmsQxvdjxgQ,Joe Rogan Experience #1516 - Post Malone,"Post Malone is a singer-songwriter, rapper and record producer.  @Post Malone",https://i.ytimg.com/vi/G42RJ4mKj1k/default.jpg,120,90,https://i.ytimg.com/vi/G42RJ4mKj1k/mqdefault.jpg,320,180,https://i.ytimg.com/vi/G42RJ4mKj1k/hqdefault.jpg,480,360,https://i.ytimg.com/vi/G42RJ4mKj1k/sddefault.jpg,640,480,,,,PowerfulJRE,"['Joe Rogan Experience', 'JRE', 'Joe', 'Rogan', 'podcast', 'MMA', 'comedy', 'stand', 'up', 'funny', 'Freak', 'Party', 'JRE #1516', 'Post Malone', 'Joe Rogan', 'comedian']",22,none,Joe Rogan Experience #1516 - Post Malone,"Post Malone is a singer-songwriter, rapper and record producer.  @Post Malone",en-US,PT3H49M39S,2d,hd,false,True,rectangular,7851056,170335,7359,0,36496,,,en,,,,,,Joe Rogan Experience #1516 - Post Malone,"Post Malone is a singer-songwriter, rapper and record producer.  @Post Malone"
18,youtube#video,nn3HU-IaKQ4bUpqmjtL0ft4FIEs,pQysG_I0i0k,2020-07-26T08:49:38Z,UCm9SZAl03Rev9sFwloCdz1g,Haan Haige aa (FULL VIDEO) KARAN AUJLA ft. Gurlez Akhtar I Rupan Bal I Avvy Sra I Latest Song 2020,"Singer/Lyrics/composer : Karan Aujla Ft. Gurlez Akhtar
Music: Avvy Sra
Video: Rupan Bal
Co-Director: Sagar Deol
Edit/DI/Colourist/VFX: Dilpreetvfx
AD: Joban Pandher
AD: Samrath Gill (Majhaxproductions)
AD: Sukhveer Dhaliwal 
Project by: Deep Rehaan Sukh Bajwa Jeewan jyot Chahal 
Female lead: Paavanee Mahajan 
Produced by: Sandeep Rehaan
Label: Rehaan Records
Online promotion: Baaj Media 
Social media promotions: G.K Digital 
Digital Partners: Coin Digital 


Website: WWW.RehaanRecords.CA
FB: https://m.facebook.com/RehaanRecords/
INSTA: Instagram/rehaanrecordsltd",https://i.ytimg.com/vi/pQysG_I0i0k/default.jpg,120,90,https://i.ytimg.com/vi/pQysG_I0i0k/mqdefault.jpg,320,180,https://i.ytimg.com/vi/pQysG_I0i0k/hqdefault.jpg,480,360,https://i.ytimg.com/vi/pQysG_I0i0k/sddefault.jpg,640,480,,,,Rehaan Records,"['karan aujla', 'haan haige aa', 'karan aujla new song', 'karan aujla new song 2020', 'karan aujla all songs', 'rupan bal', 'rupan bal films', 'rupan bal music videos', 'rehaan records', 'latest punjabi songs', 'new punjabi songs', 'hit song 2020', 'latest punjabi 2020']",10,none,Haan Haige aa (FULL VIDEO) KARAN AUJLA ft. Gurlez Akhtar I Rupan Bal I Avvy Sra I Latest Song 2020,"Singer/Lyrics/composer : Karan Aujla Ft. Gurlez Akhtar
Music: Avvy Sra
Video: Rupan Bal
Co-Director: Sagar Deol
Edit/DI/Colourist/VFX: Dilpreetvfx
AD: Joban Pandher
AD: Samrath Gill (Majhaxproductions)
AD: Sukhveer Dhaliwal 
Project by: Deep Rehaan Sukh Bajwa Jeewan jyot Chahal 
Female lead: Paavanee Mahajan 
Produced by: Sandeep Rehaan
Label: Rehaan Records
Online promotion: Baaj Media 
Social media promotions: G.K Digital 
Digital Partners: Coin Digital 


Website: WWW.RehaanRecords.CA
FB: https://m.facebook.com/RehaanRecords/
INSTA: Instagram/rehaanrecordsltd",en-CA,PT3M49S,2d,hd,false,True,rectangular,33932304,758153,59234,0,200594,"['/m/0glt670', '/m/04rlf', '/m/04rlf', '/m/0glt670']","['https://en.wikipedia.org/wiki/Music', 'https://en.wikipedia.org/wiki/Hip_hop_music']",,,,,,,,
19,youtube#video,cb4JsNt1CKiVkwkBCPM96Z-w6lY,Dm9Zf1WYQ_A,2020-07-30T23:00:01Z,UCDGmojLIoWpXok597xYo8cg,Billie Eilish - my future,"Listen to ‚Äúmy future‚Äù, out now: https://smarturl.it/myfuture

Follow Billie Eilish:
Facebook: https://www.facebook.com/billieeilish
Instagram: https://www.instagram.com/billieeilish
Twitter: https://twitter.com/billieeilish
YouTube: https://www.youtube.com/BillieEilish
Email: http://smarturl.it/BillieEilishEmail
Store: http://smarturl.it/BillieEilishStore

Directed by: 
Andrew Onorato

Produced by:
Chop Studio

Animation:
Alex Dray
Andrew Onorato
Annie Zhao
Cliona Noonan
Ian Ballantyne
Jo√£o Monteiro
Josh Trotter
Keith Kavanagh
Maddie Brewer
Nancy Li
Sarah Schmidt
Sean Anderson

Backgrounds:
Genesis Magat
Rick Sweden
Jarrod Prince

Pre-production:
Andrew Onorato
Adam Henderson
Shane Dering

Music video by Billie Eilish performing my future. ¬© 2020 Darkroom/Interscope Records

http://vevo.ly/aZbGH8",https://i.ytimg.com/vi/Dm9Zf1WYQ_A/default.jpg,120,90,https://i.ytimg.com/vi/Dm9Zf1WYQ_A/mqdefault.jpg,320,180,https://i.ytimg.com/vi/Dm9Zf1WYQ_A/hqdefault.jpg,480,360,https://i.ytimg.com/vi/Dm9Zf1WYQ_A/sddefault.jpg,640,480,https://i.ytimg.com/vi/Dm9Zf1WYQ_A/maxresdefault.jpg,1280.0,720.0,BillieEilishVEVO,"['Billie', 'Eilish', 'future', 'Darkroom/Interscope', 'Records', 'Alternative']",10,none,Billie Eilish - my future,"Listen to ‚Äúmy future‚Äù, out now: https://smarturl.it/myfuture

Follow Billie Eilish:
Facebook: https://www.facebook.com/billieeilish
Instagram: https://www.instagram.com/billieeilish
Twitter: https://twitter.com/billieeilish
YouTube: https://www.youtube.com/BillieEilish
Email: http://smarturl.it/BillieEilishEmail
Store: http://smarturl.it/BillieEilishStore

Directed by: 
Andrew Onorato

Produced by:
Chop Studio

Animation:
Alex Dray
Andrew Onorato
Annie Zhao
Cliona Noonan
Ian Ballantyne
Jo√£o Monteiro
Josh Trotter
Keith Kavanagh
Maddie Brewer
Nancy Li
Sarah Schmidt
Sean Anderson

Backgrounds:
Genesis Magat
Rick Sweden
Jarrod Prince

Pre-production:
Andrew Onorato
Adam Henderson
Shane Dering

Music video by Billie Eilish performing my future. ¬© 2020 Darkroom/Interscope Records

http://vevo.ly/aZbGH8",,PT3M50S,2d,hd,true,True,rectangular,21704455,2194481,49497,0,196466,"['/m/04rlf', '/m/05rwpb', '/m/04rlf', '/m/05rwpb']","['https://en.wikipedia.org/wiki/Music', 'https://en.wikipedia.org/wiki/Independent_music']",,,,,,"['DZ', 'DK', 'DJ', 'DM', 'SV', 'DO', 'TN', 'DE', 'AL', 'TT', 'LA', 'LC', 'LB', 'QA', 'LI', 'CN', 'LK', 'SJ', 'LS', 'LR', 'LU', 'LT', 'LV', 'LY', 'SL', 'AW', 'AT', 'AU', 'AR', 'AS', 'AQ', 'SO', 'AZ', 'AX', 'AF', 'AG', 'AD', 'AE', 'AO', 'YT', 'AM', 'SB', 'AI', 'SE', 'VE', 'RW', 'SD', 'RU', 'IR', 'IS', 'IQ', 'IN', 'IL', 'IM', 'ID', 'IE', 'IT', 'ZA', 'RS', 'ZM', 'VN', 'ZW', 'BO', 'BN', 'BM', 'BL', 'BJ', 'BI', 'JP', 'BG', 'BF', 'WF', 'BD', 'VI', 'BB', 'BA', 'JE', 'BZ', 'BY', 'JO', 'BV', 'JM', 'BT', 'BS', 'BR', 'BQ', 'WS', 'GY', 'GT', 'GU', 'GW', 'GP', 'GQ', 'GR', 'GS', 'GL', 'GM', 'GN', 'GH', 'GI', 'GD', 'GE', 'GF', 'GG', 'GA', 'GB', 'PE', 'PG', 'PF', 'PA', 'TV', 'PM', 'PL', 'PN', 'PH', 'PK', 'PT', 'PW', 'PS', 'PR', 'RO', 'BW', 'PY', 'BH', 'TW', 'OM', 'TF', 'KN', 'RE', 'UZ', 'UM', 'HU', 'HT', 'UA', 'UG', 'HR', 'HM', 'HN', 'HK', 'US', 'VU', 'TH', 'ER', 'ES', 'TK', 'ET', 'EH', 'TJ', 'BE', 'EC', 'EG', 'EE', 'VC', 'MC', 'VA', 'MA', 'MF', 'MG', 'MD', 'ME', 'MK', 'MH', 'KW', 'MN', 'MO', 'ML', 'MM', 'MR', 'MS', 'MP', 'MQ', 'MV', 'MW', 'MT', 'KY', 'MZ', 'MX', 'MY', 'TC', 'FR', 'TD', 'UY', 'MU', 'TG', 'FK', 'FJ', 'FI', 'CG', 'FO', 'FM', 'SX', 'NZ', 'SZ', 'NR', 'SR', 'NP', 'ST', 'NU', 'SH', 'SI', 'NI', 'SK', 'NO', 'SM', 'SN', 'NL', 'NC', 'SA', 'NA', 'SC', 'NG', 'NF', 'NE', 'SG', 'YE', 'SY', 'VG', 'TL', 'CH', 'CI', 'KR', 'CK', 'TM', 'CM', 'TO', 'CO', 'CA', 'KZ', 'CC', 'CD', 'CL', 'CF', 'CU', 'CX', 'CY', 'CZ', 'TZ', 'KE', 'KG', 'KH', 'KI', 'CR', 'TR', 'KM', 'CV', 'CW']",,
